,loan_status,person_income,loan_amnt,loan_int_rate,person_age,loan_percent_income
loan_status,1.0,-0.16928418357117606,0.10577133138151296,0.33588985220743867,-0.021808227071063502,0.37970443955975297
person_income,-0.16928418357117606,1.0,0.3167171208818322,-0.0011420189678098594,0.1403934637333007,-0.2947322022010335
loan_amnt,0.10577133138151296,0.3167171208818322,1.0,0.14700241061354352,0.051460287591980576,0.5727785864045439
loan_int_rate,0.33588985220743867,-0.0011420189678098594,0.14700241061354352,1.0,0.011130467203719902,0.12030746629026835
person_age,-0.021808227071063502,0.1403934637333007,0.051460287591980576,0.011130467203719902,1.0,-0.04154634662640751
loan_percent_income,0.37970443955975297,-0.2947322022010335,0.5727785864045439,0.12030746629026835,-0.04154634662640751,1.0
