Age group,MeanLoanPercentIncome
20-29,0.1726454823889736
30-39,0.1643035030103972
40-49,0.16253333333333347
50-59,0.15247058823529416
60-69,0.19984615384615384
70-79,0.1325
80-89,0.11
90-99,0.27
120-129,0.255
140-149,0.016666666666666666
